Amount of Bond( Rs ),Amount of credit received Bond( Rs ),Date of credit in against Bank,Bank Name Bank Branch Address,Bank Account No
1000,1000,24/04/2018,State Bank of India New Delhi Main Branch,37656415086
100000,100000,18/05/2018,State Bank of India New Delhi Main Branch,37656415086
100000,100000,18/05/2018,State Bank of India New Delhi Main Branch,37656415086
100000,100000,18/05/2018,State Bank of India New Delhi Main Branch,37656415086
100000,100000,18/05/2018,State Bank of India New Delhi Main Branch,37656415086
100000,100000,18/05/2018,State Bank of India New Delhi Main Branch,37656415086
1000000,1000000,12/03/2019,State Bank of India New Delhi Main Branch,37656415086
1000000,1000000,12/03/2019,State Bank of India New Delhi Main Branch,37656415086
1000000,1000000,12/03/2019,State Bank of India New Delhi Main Branch,37656415086
1000000,1000000,12/03/2019,State Bank of India New Delhi Main Branch,37556415086
1000000,1000000,12/03/2019,State Bank of India New Delhi Main Branch,37656415086
10000000,10000000,10/04/2019,State Bank of India New Delhi Main Branch,37656415086
10000000,10000000,10/04/2019,State Bank of India New Delhi Main Branch,37656415086
10000000,10000000,10/04/2019,State Bank of India New Delhi Main Branch,37656415086
1000000,1000000,18/04/2019,State Bank of India New Delhi Main Branch,37656415086
1000000,1000000,18/04/2019,State Bank of India New Delhi Main Branch,37656415086
10000000,10000000,15/05/2019,State Bank of India New Delhi Main Branch,37656415086
10000000,10000000,21/05/2019,State Bank of India New Delhi Main Branch,37656415086
1000000,1000000,24/01/2020,State Bank of India New Delhi Main Branch,37656415086
1000000,1000000,24/01/2020,State Bank of India New Delhi Main Branch,37656415086
1000000,1000000,24/01/2020,State Bank of India New Delhi Main Branch,37656415086
10000000,10000000,30/01/1921,State Bank of India New Delhi Main Branch,37656415086
10000000,10000000,30/01/1921,State Bank of India New Delhi Main Branch,37656415086
10000000,10000000,30/01/1921,State Bank of India New Delhi Main Branch,37656415086
10000000,10000000,13/01/2021,State Bank of India New Delhi Main Branch,37656415086
1000000,1000000,13/01/2021,State Bank of India New Delhi Main Branch,37656415086
1000000,1000000,13/01/2021,State Bank of India New Delhi Main Branch,37656415086
100000,100000,13/01/2021,State Bank of India New Delhi Main Branch,37656415086
100000,100000,13/01/2021,State Bank of India New Delhi Main Branch,37656415086
100000,100000,13/01/2021,State Bank of IndiaNew Delhi Mam Branch,37656415086
100000,100000,13/01/2021,State Bank of India New Delhi Main Branch,37656415086
100000,100000,13/01/2021,State Bank of India New Delhi Main Branch,37656415086
1000000,1000000,13/04/2021,State Bank of India New Delhi Main Branch,37656415086
1000000,1000000,13/04/2021,State Bank of India New Delhi Main Branch,37656415086
1000000,1000000,15/04/2021,State Bank of India New Delhi Main Branch,37656415086
100000,100000,15/04/2021,State Bank of India New Delhi Main Branch,37656415086
100000,100000,15/04/2021,State Bank of India New Delhi Main Branch,37656415086
100000,100000,15/04/2021,State Bank of India New Delhi Main Branch,37656415086
100000,100000,15/04/2021,State Bank of India New Delhi Main Branch,37656415086
100000,100000,15/04/2021,State Bank of India New Delhi Main Branch,37656415086
100000,100000,19/07/2021,State Bank of India New Delhi Main Branch,37656415086
100000,100000,19/07/2021,State Bank of India New Delhi Main Branch,37656415086
100000,100000,19/07/2021,State Bank of India New Delhi Main Branch,37656415086
100000,100000,19/07/2021,State Bank of India New Delhi Main Branch,37656415086
100000,100000,19/07/2021,State Bank of India New Delhi Main Branch,37656415086
1000000,1000000,19/07/2021,State Bank of India New Delhi Main Branch,37656415086
1000000,1000000,19/07/2021,State Bank of India New Delhi Main Branch,37656415086
10000000,10000000,10/01/2022,State Bank of India New Delhi Main Branch,37656415086
10000000,10000000,10/01/2022,State Bank of India New Delhi Main Branch,37656415086
100000,100000,12/01/2022,State Bank of India New Delhi Main Branch,37656415086
100000,100000,12/01/2022,State Bank of India New Delhi Main Branch,37656415086
100000,100000,12/01/2022,State Bank of India New Delhi Main Branch,37656415086
100000,100000,12/01/2022,State Bank of India New Delhi Main Branch,37656415086
100000,100000,12/01/2022,State Bank of India New Delhi Main Branch,37656415086
1000000,1000000,12/01/2022,State Bank of India New Delhi Main Branch,37656415086
1000000,1000000,12/01/2022,State Bank of India New Delhi Main Branch,37656415086
1000000,1000000,14/01/2022,State Bank of India New Delhi Main Branch,37656415086
1000000,1000000,14/01/2022,State Bank of India New Delhi Main Branch,37656415086
1000000,1000000,14/01/2022,State Bank of India New Delhi Main Branch,37656415086
1000000,1000000,14/01/2022,State Bank of India New Delhi Main Branch,37656415086
1000000,1000000,14/01/2022,State Bank of India New Delhi Main Branch,37656415086
1000000,1000000,18/01/2022,State Bank of India New Delhi Main Branch,37656415086
100000,100000,18/01/2022,State Bank of India New Delhi Main Branch,37656415086
100000,100000,18/01/2022,State Bank of India New Delhi Main Branch,37656415086
100000,100000,18/01/2022,State Bank of India New Delhi Main Branch,37656415086
100000,100000,18/01/2022,State Bank of India New Delhi Main Branch,37656415086
100000,100000,18/01/2022,State Bank of India New Delhi Main Branch,37656415086
100000,100000,18/01/2022,State Bank of India New Delhi Main Branch,37656415086
1000000,1000000,18/01/2022,State Bank of India New Delhi Main Branch,37656415086
100000,100000,18/01/2022,State Bank of India New Delhi Main Branch,37656415086
100000,100000,18/01/2022,State Bank of India New Delhi Main Branch,37656415086
100000,100000,18/01/2022,State Bank of India New Delhi Main Branch,37656415086
100000,100000,18/01/2022,State Bank of India New Delhi Main Branch,37656415086
100000,100000,18/01/2022,State Bank of India New Delhi Main Branch,37656415086
100000,100000,18/01/2022,State Bank of India New Delhi Main Branch,37656415086
100000,100000,18/01/2022,State Bank of India New Delhi Main Branch,37656415086
100000,100000,18/01/2022,State Bank of India New Delhi Main Branch,37656415086
100000,100000,18/01/2022,State Bank of India New Delhi Main Branch,37656415086
100000,100000,18/01/2022,State Bank of India New Delhi Main Branch,37656415086
100000,100000,18/01/2022,State Bank of India New Delhi Main Branch,37656415086
100000,100000,18/01/2022,State Bank of India New Delhi Main Branch,37656415086
100000,100000,18/01/2022,State Bank of India New Delhi Main Branch,37656415086
100000,100000,18/01/2022,State Bank of India New Delhi Main Branch,37656415086
100000,100000,18/01/2022,State Bank of India New Delhi Main Branch,37656415086
100000,100000,18/01/2022,State Bank of India New Delhi Main Branch,37656415086
100000,100000,18/01/2022,State Bank of India New Delhi Main Branch,37656415086
100000,100000,18/01/2022,State Bank of IndiaNew Delhi Mam Branch,37656415086
100000,100000,18/01/2022,State Bank of India New Delhi Main Branch,37656415086
100000,100000,21/01/2022,State Bank of India New Delhi Main Branch,37656415086
100000,100000,21/01/2022,State Bank of IndiaNew Delhi Mam Branch,37656415086
100000,100000,21/01/2022,State Bank of IndiaNew Delhi Mam Branch,37656415086
100000,100000,21/01/2022,State Bank of IndiaNew Delhi Mam Branch,37656415086
100000,100000,21/01/2022,State Bank of IndiaNew Delhi Mam Branch,37656415086
100000,100000,21/01/2022,State Bank of India New Delhi Main Branch,37656415086
100000,100000,21/01/2022,State Bank of India New Delhi Main Branch,37656415086
100000,100000,21/01/2022,State Bank of India New Delhi Main Branch,37656415086
100000,100000,21/01/2022,State Bank of India New Delhi Main Branch,37656415086
100000,100000,21/01/2022,State Bank of India New Delhi Main Branch,37656415086
100000,100000,21/01/2022,State Bank of India New Delhi Main Branch,37656415086
100000,100000,21/01/2022,State Bank of India New Delhi Main Branch,37656415086
100000,100000,21/01/2022,State Bank of India New Delhi Main Branch,37656415086
100000,100000,21/01/2022,State Bank of India New Delhi Main Branch,37656415086
100000,100000,21/01/2022,State Bank of India New Delhi Main Branch,37656415086
100000,100000,21/01/2022,State Bank of India New Delhi Main Branch,37656415086
100000,100000,21/01/2022,State Bank of India New Delhi Main Branch,37656415086
100000,100000,21/01/2022,State Bank of India New Delhi Main Branch,37656415086
100000,100000,21/01/2022,State Bank of India New Delhi Main Branch,37656415086
100000,100000,21/01/2022,State Bank of India New Delhi Main Branch,37656415086
10000000,10000000,10/10/2022,State Bank of India New Delhi Main Branch,37656415086
10000000,10000000,10/10/2022,State Bank of India New Delhi Main Branch,37656415086
10000000,10000000,12/10/2022,State Bank of India New Delhi Main Branch,37656415086
10000000,10000000,12/10/2022,State Bank of India New Delhi Main Branch,37656415086
10000000,10000000,14/10/2022,State Bank of India New Delhi Main Branch,37656415086
10000000,10000000,14/10/2022,State Bank of India New Delhi Main Branch,37656415086
10000000,10000000,14/10/2022,State Bank of India New Delhi Main Branch,37656415086
10000000,10000000,14/10/2022,State Bank of India New Delhi Main Branch,37656415086
10000000,10000000,14/10/2022,State Bank of India New Delhi Main Branch,37656415086
100000,100000,14/10/2022,State Bank of IndiaNew Delhi Mam Branch,37656415086
100000,100000,14/10/2022,State Bank of India New Delhi Main Branch,37656415086
100000,100000,14/10/2022,State Bank of India New Delhi Main Branch,37656415086
100000,100000,14/10/2022,State Bank of India New Delhi Main Branch,37656415086
100000,100000,14/10/2022,State Bank of India New Delhi Main Branch,37656415086
100000,100000,14/10/2022,State Bank of India New Delhi Main Branch,37656415086
100000,100000,14/10/2022,State Bank of India New Delhi Main Branch,37656415086
100000,100000,14/10/2022,State Bank of India New Delhi Main Branch,37656415086
100000,100000,14/10/2022,State Bank of India New Delhi Main Branch,37656415086
100000,100000,14/10/2022,State Bank of India New Delhi Main Branch,37656415086
100000,100000,14/10/2022,State Bank of India New Delhi Main Branch,37656415086
100000,100000,14/10/2022,State Bank of India New Delhi Main Branch,37656415086
100000,100000,14/10/2022,State Bank of India New Delhi Main Branch,37656415086
100000,100000,14/10/2022,State Bank of India New Delhi Main Branch,37656415086
100000,100000,14/10/2022,State Bank of India New Delhi Main Branch,37656415086
100000,100000,14/10/2022,State Bank of India New Delhi Main Branch,37656415086
100000,100000,14/10/2022,State Bank of India New Delhi Main Branch,37656415086
100000,100000,14/10/2022,State Bank of India New Delhi Main Branch,37656415086
100000,100000,14/10/2022,State Bank of India New Delhi Main Branch,37656415086
100000,100000,14/10/2022,State Bank of India New Delhi Main Branch,37656415086
1000000,1000000,14/10/2022,State Bank of India New Delhi Main Branch,37656415086
1000000,1000000,14/10/2022,State Bank of India New Delhi Main Branch,37656415086
1000000,1000000,14/10/2022,State Bank of India New Delhi Main Branch,37656415086
1000000,1000000,14/10/2022,State Bank of India New Delhi Main Branch,37656415086
1000000,1000000,14/10/2022,State Bank of India New Delhi Main Branch,37656415086
1000000,1000000,14/10/2022,State Bank of India New Delhi Main Branch,37656415086
1000000,1000000,14/10/2022,State Bank of India New Delhi Main Branch,37656415086
1000000,1000000,14/10/2022,State Bank of India New Delhi Main Branch,37656415086
1000000,1000000,14/10/2022,State Bank of India New Delhi Main Branch,37656415086
1000000,1000000,14/10/2022,State Bank of India New Delhi Main Branch,37656415086
1000000,1000000,14/10/2022,State Bank of India New Delhi Main Branch,37656415086
1000000,1000000,14/10/2022,State Bank of India New Delhi Main Branch,37656415086
1000000,1000000,14/10/2022,State Bank of India New Delhi Main Branch,37656415086
1000000,1000000,14/10/2022,State Bank of India New Delhi Main Branch,37656415086
1000000,1000000,14/10/2022,State Bank of India New Delhi Main Branch,37656415086
1000000,1000000,14/10/2022,State Bank of India New Delhi Main Branch,37656415086
1000000,1000000,14/10/2022,State Bank of India New Delhi Main Branch,37656415086
1000000,1000000,14/10/2022,State Bank of India New Delhi Main Branch,37656415086
1000000,1000000,14/10/2022,State Bank of India New Delhi Main Branch,37656415086
1000000,1000000,14/10/2022,State Bank of India New Delhi Main Branch,37656415086
1000000,1000000,14/10/2022,State Bank of India New Delhi Main Branch,37656415086
1000000,1000000,14/10/2022,State Bank of India New Delhi Main Branch,37656415086
1000000,1000000,14/10/2022,State Bank of India New Delhi Main Branch,37656415086
1000000,1000000,14/10/2022,State Bank of India New Delhi Main Branch,37656415086
10000000,10000000,15/10/2022,State Bank of India New Delhi Main Branch,37656415086
10000000,10000000,15/10/2022,State Bank of India New Delhi Main Branch,37656415086
10000000,10000000,15/10/2022,State Bank of India New Delhi Main Branch,37656415086
10000000,10000000,15/10/2022,State Bank of India New Delhi Main Branch,37656415086
10000000,10000000,15/10/2022,State Bank of India New Delhi Main Branch,37656415086
10000000,10000000,15/10/2022,State Bank of India New Delhi Main Branch,37656415086
1000000,1000000,15/10/2022,State Bank of India New Delhi Main Branch,37656415086
1000000,1000000,15/10/2022,State Bank of India New Delhi Main Branch,37656415086
1000000,1000000,15/10/2022,State Bank of India New Delhi Main Branch,37656415086
1000000,1000000,15/10/2022,State Bank of India New Delhi Main Branch,37656415086
1000000,1000000,15/10/2022,State Bank of India New Delhi Main Branch,37656415086
1000000,1000000,15/10/2022,State Bank of India New Delhi Main Branch,37656415086
1000000,1000000,15/10/2022,State Bank of India New Delhi Main Branch,37656415086
1000000,1000000,15/10/2022,State Bank of India New Delhi Main Branch,37656415086
1000000,1000000,15/10/2022,State Bank of India New Delhi Main Branch,37656415086
100000,100000,15/10/2022,State Bank of India New Delhi Main Branch,37656415086
100000,100000,15/10/2022,State Bank of India New Delhi Main Branch,37656415086
100000,100000,15/10/2022,State Bank of India New Delhi Main Branch,37656415086
100000,100000,15/10/2022,State Bank of India New Delhi Main Branch,37656415086
100000,100000,15/10/2022,State Bank of India New Delhi Main Branch,37656415086
10000000,10000000,20/10/2022,State Bank of India New Delhi Main Branch,37656415086
10000000,10000000,20/10/2022,State Bank of India New Delhi Main Branch,37656415086
10000000,10000000,20/10/2022,State Bank of India New Delhi Main Branch,37656415086
10000000,10000000,20/10/2022,State Bank of India New Delhi Main Branch,37656415086
10000000,10000000,20/10/2022,State Bank of India New Delhi Main Branch,37656415086
1000000,1000000,20/10/2022,State Bank of India New Delhi Main Branch,37656415086
1000000,1000000,20/10/2022,State Bank of India New Delhi Main Branch,37656415086
1000000,1000000,20/10/2022,State Bank of India New Delhi Main Branch,37656415086
1000000,1000000,20/10/2022,State Bank of India New Delhi Main Branch,37656415086
1000000,1000000,20/10/2022,State Bank of India New Delhi Main Branch,37656415086
1000000,1000000,20/10/2022,State Bank of India New Delhi Main Branch,37656415086
1000000,1000000,20/10/2022,State Bank of India New Delhi Main Branch,37656415086
1000000,1000000,20/10/2022,State Bank of India New Delhi Main Branch,37656415086
1000000,1000000,20/10/2022,State Bank of India New Delhi Main Branch,37656415086
1000000,1000000,20/10/2022,State Bank of India New Delhi Main Branch,37656415086
1000000,1000000,20/10/2022,State Bank of India New Delhi Main Branch,37656415086
1000000,1000000,20/10/2022,State Bank of India New Delhi Main Branch,37656415086
1000000,1000000,20/10/2022,State Bank of India New Delhi Main Branch,37656415086
1000000,1000000,20/10/2022,State Bank of India New Delhi Main Branch,37656415086
1000000,1000000,21/10/2022,State Bank of India New Delhi Main Branch,37656415086
1000000,1000000,21/10/2022,State Bank of India New Delhi Main Branch,37656415086
1000000,1000000,21/10/2022,State Bank of India New Delhi Main Branch,37656415086
1000000,1000000,21/10/2022,State Bank of India New Delhi Main Branch,37656415086
1000000,1000000,21/10/2022,State Bank of India New Delhi Main Branch,37656415086
10000000,10000000,14/11/2022,State Bank of India New Delhi Main Branch,37656415086
10000000,10000000,14/11/2022,State Bank of India New Delhi Main Branch,37656415086
10000000,10000000,14/11/2022,State Bank of India New Delhi Main Branch,37656415086
10000000,10000000,14/11/2022,State Bank of India New Delhi Main Branch,37656415086
10000000,10000000,14/11/2022,State Bank of India New Delhi Main Branch,37656415086
10000000,10000000,19/11/2022,State Bank of India New Delhi Main Branch,37656415086
10000000,10000000,19/11/2022,State Bank of India New Delhi Main Branch,37656415086
1000000,1000000,21/11/2022,State Bank of India New Delhi Main Branch,37656415086
1000000,1000000,21/11/2022,State Bank of IndiaNew Delhi Mam Branch,37656415086
1000000,1000000,21/11/2022,State Bank of India New Delhi Main Branch,37656415086
1000000,1000000,21/11/2022,State Bank of India New Delhi Main Branch,37656415086
1000000,1000000,21/11/2022,State Bank of India New Delhi Main Branch,37656415086
1000000,1000000,21/11/2022,State Bank of India New Delhi Main Branch,37656415086
1000000,1000000,21/11/2022,State Bank of India New Delhi Main Branch,37656415086
1000000,1000000,21/11/2022,State Bank of India New Delhi Main Branch,37656415086
1000000,1000000,21/11/2022,State Bank of India New Delhi Main Branch,37656415086
1000000,1000000,21/11/2022,State Bank of India New Delhi Main Branch,37656415086
10000000,10000000,30/12/1923,State Bank of India New Delhi Main Branch,37656415086
10000000,10000000,14/12/2022,State Bank of India New Delhi Main Branch,37656415086
10000000,10000000,14/12/2022,State Bank of India New Delhi Main Branch,37656415086
10000000,10000000,15/12/2022,State Bank of India New Delhi Main Branch,37656415086
10000000,10000000,15/12/2022,State Bank of India New Delhi Main Branch,37656415086
10000000,10000000,16/12/2022,State Bank of India New Delhi Main Branch,37656415086
10000000,10000000,16/12/2022,State Bank of India New Delhi Main Branch,37656415086
10000000,10000000,16/12/2022,State Bank of India New Delhi Main Branch,37656415086
1000000,1000000,16/12/2022,State Bank of India New Delhi Main Branch,37656415086
10000000,10000000,17/12/2022,State Bank of India New Delhi Main Branch,37656415086
10000000,10000000,17/12/2022,State Bank of India New Delhi Main Branch,37656415086
10000000,10000000,17/12/2022,State Bank of India New Delhi Main Branch,37656415086
1000000,1000000,11/07/2023,State Bank of India New Delhi Main Branch,37656415086
1000000,1000000,11/07/2023,State Bank of India New Delhi Main Branch,37656415086
1000000,1000000,11/07/2023,State Bank of India New Delhi Main Branch,37656415086
1000000,1000000,11/07/2023,State Bank of India New Delhi Main Branch,37656415086
1000000,1000000,11/07/2023,State Bank of India New Delhi Main Branch,37656415086
1000000,1000000,11/07/2023,State Bank of India New Delhi Main Branch,37656415086
1000000,1000000,11/07/2023,State Bank of India New Delhi Main Branch,37656415086
1000000,1000000,11/07/2023,State Bank of India New Delhi Main Branch,37656415086
1000000,1000000,11/07/2023,State Bank of India New Delhi Main Branch,37656415086
1000000,1000000,11/07/2023,State Bank of India New Delhi Main Branch,37656415086
10000000,10000000,11/07/2023,State Bank of India New Delhi Main Branch,37656415086
10000000,10000000,11/07/2023,State Bank of IndiaNew Delhi Mam Branch,37656415086
10000000,10000000,11/07/2023,State Bank of India New Delhi Main Branch,37656415086
10000000,10000000,11/07/2023,State Bank of India New Delhi Main Branch,37656415086
10000000,10000000,11/07/2023,State Bank of India New Delhi Main Branch,37656415086
10000000,10000000,15/07/2023,State Bank of India New Delhi Main Branch,37656415086
10000000,10000000,15/07/2023,State Bank of India New Delhi Main Branch,37656415086
10000000,10000000,15/07/2023,State Bank of India New Delhi Main Branch,37656415086
10000000,10000000,15/07/2023,State Bank of India New Delhi Main Branch,37656415086
100000,100000,15/07/2023,State Bank of India New Delhi Main Branch,37656415086
100000,100000,26/07/2023,State Bank of India New Delhi Main Branch,37656415086
100000,100000,26/07/2023,State Bank of India New Delhi Main Branch,37656415086
100000,100000,26/07/2023,State Bank of India New Delhi Main Branch,37656415086
100000,100000,26/07/2023,State Bank of India New Delhi Main Branch,37656415086
1000000,1000000,26/07/2023,State Bank of India New Delhi Main Branch,37656415086